<?xml version="1.0" encoding="utf-8"?>
<browserconfig>
    <msapplication>
        <tile>
            <square70x70logo src="/assets/generated/favicon-transparent.dim_32x32.png"/>
            <square150x150logo src="/assets/generated/app-logo-transparent.dim_200x200.png"/>
            <square310x310logo src="/assets/generated/app-icon.dim_512x512.png"/>
            <wide310x150logo src="/assets/generated/header-logo-transparent.dim_300x100.png"/>
            <TileColor>#7c3aed</TileColor>
        </tile>
    </msapplication>
</browserconfig>
